foodId,locationId,establishmentId,stallId,genreId,foodName,Ratings,imageId
1,1,1,1,3,Butter Chicken,4.36,https://www.licious.in/blog/wp-content/uploads/2020/10/butter-chicken--750x750.jpg
2,1,1,1,3,Chicken Tikka Masala,3.63,https://www.allrecipes.com/thmb/1ul-jdOz8H4b6BDrRcYOuNmJgt4=/1500x0/filters:no_upscale():max_bytes(150000):strip_icc()/239867chef-johns-chicken-tikka-masala-ddmfs-3X4-0572-e02a25f8c7b745459a9106e9eb13de10.jpg
3,1,1,1,3,Tandoori Chicken,3.46,https://thebigmansworld.com/wp-content/uploads/2022/11/tandoori-chicken-recipe.jpg
4,1,1,1,3,Rogan Josh ,3.2,https://www.archanaskitchen.com/images/archanaskitchen/1-Author/Shaheen_Ali/Kashmiri_Rogan_Josh.jpg
5,1,1,1,3,Palak Paneer ,1.16,https://healthynibblesandbits.com/wp-content/uploads/2020/01/Saag-Paneer-FF.jpg
6,1,1,1,3,Chana Masala ,2.39,https://www.vegrecipesofindia.com/wp-content/uploads/2021/07/chana-masala-2.jpg
7,1,1,1,3,Vegetable Biryani,0.4,https://img.taste.com.au/_L7m5vxs/taste/2016/11/vegetable-biryani-102620-1.jpeg
8,1,1,1,3,Dal Makhani ,4.04,https://www.indianhealthyrecipes.com/wp-content/uploads/2022/02/dal-makhani-recipe.jpg
9,1,1,1,3,Aloo Gobi ,2.42,https://www.indianhealthyrecipes.com/wp-content/uploads/2022/03/aloo-gobi-recipe.jpg
10,1,1,1,3,Malai Kofta ,2.69,https://www.cookwithmanali.com/wp-content/uploads/2020/03/Malai-Kofta-Recipe.jpg
11,1,1,1,3,Naan (Indian bread),2.46,https://www.thespruceeats.com/thmb/MReCj8olqrCsPaGvikesPJie02U=/1500x0/filters:no_upscale():max_bytes(150000):strip_icc()/naan-leavened-indian-flatbread-1957348-final-08-116a2e523f6e4ee693b1a9655784d9b9.jpg
12,1,1,1,3,Samosas (Deep-fried pastry filled with savory filling),1.64,https://images.squarespace-cdn.com/content/v1/612d4825ee7c3b7ba3e215b7/1664429824786-LS36NN76WGEAM27GBOSZ/samosa.jpg
13,1,1,1,3,Chicken Biryani,3.4,https://norecipes.com/wp-content/uploads/2017/05/chicken-biryani-006.jpg
14,1,1,1,3,Fish Curry,4.19,https://vismaifood.com/storage/app/uploads/public/daa/96d/7bc/thumb__700_0_0_0_auto.jpg
15,1,1,1,3,Pani Puri (Hollow puris filled with spicy water),3.85,https://aromaticessence.co/wp-content/uploads/2020/03/pani_puri_5.jpg-320x321.jpeg
16,1,1,1,8,"Margherita Pizza (Tomato sauce, mozzarella cheese, and basil)",3.79,https://cdn.loveandlemons.com/wp-content/uploads/2019/09/margherita-pizza.jpg
17,1,1,1,8,Pepperoni Pizza,4.57,https://sipbitego.com/wp-content/uploads/2021/08/Pepperoni-Pizza-Recipe-Sip-Bite-Go-500x375.jpg
18,1,1,1,8,BBQ Chicken Pizza,2.02,https://sallysbakingaddiction.com/wp-content/uploads/2014/03/Homemade-BBQ-Chicken-Pizza.jpg
19,1,1,1,8,Veggie Supreme Pizza (Assorted vegetables),3.46,https://i0.wp.com/www.thursdaynightpizza.com/wp-content/uploads/2022/06/veggie-pizza-side-view-out-of-oven.png?resize=720%2C480&ssl=1
20,1,1,1,8,"Hawaiian Pizza (Ham, pineapple, and cheese)",2.54,https://www.jessicagavin.com/wp-content/uploads/2020/07/hawaiian-pizza-16-1200.jpg
21,1,1,1,8,"Four Cheese Pizza (Mozzarella, cheddar, feta, and Parmesan)",0.61,https://recipes.timesofindia.com/thumb/59123476.cms?width=1200&height=900
22,1,1,1,8,"Meat Lover's Pizza (Assorted meats like pepperoni, sausage, and bacon)",0.49,https://www.jessicagavin.com/wp-content/uploads/2022/02/meat-lovers-pizza-28-1200.jpg
23,1,1,1,8,Spinach and Feta Pizza,2.99,https://www.kingarthurbaking.com/sites/default/files/recipe_legacy/3843-3-large.jpg
24,1,1,1,8,"Chicken Tikka Pizza (Chicken tikka, onions, and peppers)",4.73,https://rasamalaysia.com/wp-content/uploads/2012/06/chicken-tikka-masala-pizza-thumb.jpg
25,1,1,1,8,Mushroom and Olive Pizza,1.51,https://loveandgoodstuff.com/wp-content/uploads/2020/10/pizza-capricciosa-1200x1200.jpg
26,1,1,1,8,"Paneer Tikka Pizza (Marinated cottage cheese, onions, and peppers)",3.65,https://www.vegrecipesofindia.com/wp-content/uploads/2018/05/paneer-pizza-recipe-1.jpg
27,1,1,1,8,"Mediterranean Pizza (Olives, sun-dried tomatoes, feta cheese)",3.04,https://www.acouplecooks.com/wp-content/uploads/2019/06/Mediterranean-Pizza-001-800x1000.jpg
28,1,1,1,8,"Buffalo Chicken Pizza (Spicy chicken, buffalo sauce, and blue cheese)",1.75,https://hips.hearstapps.com/hmg-prod/images/190226-buffalo-chicken-pizza-370-1552084943.jpg
29,1,1,1,8,"Caprese Pizza (Fresh tomatoes, mozzarella, basil, and balsamic glaze)",4.1,https://midwestfoodieblog.com/wp-content/uploads/2022/02/FINAL-caprese-pizza-1-1200x1800.jpg
30,1,1,1,8,"Truffle Mushroom Pizza (Mushrooms, truffle oil, and cheese)",4.51,https://farahjeats.com/wp-content/uploads/2022/11/IMG_2882.jpeg
31,1,1,2,1,Dumplings (Jiaozi),1.12,https://www.carolinescooking.com/wp-content/uploads/2022/03/vegetable-dumplings-jiaozi-featured-pic-sq.jpg
32,1,1,2,1,Fried Rice (Chǎofàn),2.25,https://recipesxp.com/wp-content/uploads/2021/01/Yangzhou-Fried-Rice-scaled.jpg
33,1,1,2,1,Kung Pao Chicken (Gōngbǎo jīdīng),1.95,https://res.cloudinary.com/hksqkdlah/image/upload/SFS_KungPaoChickenForTwo_046_rozowg.jpg
34,1,1,2,1,Sweet and Sour Pork (Tángcù Lǐjī),0.07,https://cdn.sanity.io/images/2r0kdewr/production/bd8ce0ee052c292c78f176c72112c28212d4566a-1000x563.jpg?w=600&fm=webp&q=50
35,1,1,2,1,Mapo Tofu (Mápó dòufu),0.22,https://tm.thatsmandarin.com/wp-content/uploads/2021/01/mapo-tofu.jpg
36,1,1,2,1,Chow Mein (Chǎomiàn),3.37,https://i.pinimg.com/originals/f0/d0/d6/f0d0d6da321e97efe2f521193b680f0c.jpg
37,1,1,2,1,Egg Rolls (Jiǎnbing),0.79,https://www.allrecipes.com/thmb/VC_25bp-2QJ9XjxRS8k0JLaPMKI=/1500x0/filters:no_upscale():max_bytes(150000):strip_icc()/14704-best-egg-rolls-DDMFS-4x3-490f99efee9646c8b5de93b4e2f6f963.jpg
38,1,1,2,1,Hot and Sour Soup (Suan La Tang),1.55,https://redhousespice.com/wp-content/uploads/2021/08/Chinese-hot-and-sour-soup-1-scaled.jpg
39,1,1,2,1,Peking Duck (Běijīng Kǎoyā),4.53,https://cdn.tripways.com/2020/06/01121156/Peking_Duck_1.jpg
40,1,1,2,1,General Tso's Chicken (Zòngtǔ jī),3.64,https://www.recipetineats.com/wp-content/uploads/2020/10/General-Tsao-Chicken_1-SQ.jpg
41,1,1,2,1,Wonton Soup (Húntún Tang),0.53,https://www.recipetineats.com/wp-content/uploads/2016/09/Wontons_1-1.jpg
42,1,1,2,1,Dim Sum (Various small bite-sized dishes),3.55,https://s.dash.co/2019/06/14/030601/header2.jpg
43,1,1,2,1,Szechuan Beef (Sìchuān Niúròu),3.32,https://redhousespice.com/wp-content/uploads/2020/02/sichuan-boiled-beef-9.jpg
44,1,1,2,1,Spring Rolls (Chūnjuǎn),0.8,https://www.travelchinaguide.com/images/photogallery/2015/spring-rolls.jpg
45,1,1,2,1,Ma Po Eggplant (Mápó Qiézi),2.79,https://images.food52.com/C69RPtKK1PZlTaMG4S8laDmk3BE=/fit-in/1200x1200/19faea24-b7e5-43e0-8368-bd44d8fa57bd--Eggplant-Mapo-Styled-F52Website.jpg
46,1,1,3,1,Fish Maw Soup,1.87,https://eatwhattonight.com/wp-content/uploads/2021/11/Fish-Maw-Crabmeat-Soup_2-scaled.jpg
47,1,1,3,1,Sichuan Fish Soup,1.25,https://thewoksoflife.com/wp-content/uploads/2017/02/sichuan-boiled-fish-5-1.jpg
48,1,1,3,1,Cantonese-style Fish Soup,3.98,https://i0.wp.com/www.wokandkin.com/wp-content/uploads/2019/12/Chinese-Fish-Soup-Close-Up-saved-for-web.png?fit=600%2C900&ssl=1
49,1,1,3,1,Tom Yum Fish Soup (Chinese-style),3.57,https://www.mamasguiderecipes.com/wp-content/uploads/2017/08/2017-08-08-17-09-30.jpg
50,1,1,3,1,Fish Ball Soup,1.3,https://noobcook.com/wp-content/uploads/2022/08/teochew_fish_ball_noodle_soup.jpg
51,1,1,3,1,Fish Head Soup,3.38,https://umamidays.com/wp-content/uploads/2022/09/fish-head-soup-2.jpg
52,1,1,3,1,Spicy Fish Soup (麻辣鱼汤),0.14,https://asianinspirations.com.au/wp-content/uploads/2022/04/R02857-Korean-Spicy-Fish-Stew-(Maeuntang).jpg
53,1,1,3,1,Fish Fillet and Tofu Soup,0.08,https://www.asiancookingmom.com/wp-content/uploads/2020/05/Tomato-Fish-Tofu-Stew-33-of-33.jpg
54,1,1,3,1,Fish and Winter Melon Soup,1.64,https://i.ytimg.com/vi/DGVHEYAfqps/maxresdefault.jpg
55,1,1,3,1,Fish and Vegetable Soup,4.78,https://i0.wp.com/www.angsarap.net/wp-content/uploads/2019/08/Hot-Sliced-Fish-and-Vegetable-Soup-Wide.jpg?ssl=1
56,1,1,3,1,Fish and Pickled Vegetable Soup,0.67,https://www.mychineserecipes.com/wp-content/uploads/2019/08/Pickled-Fish-Hot-Pot-Recipe.jpg
57,1,1,3,1,Fish and Mushroom Soup,1.35,https://legenrecipes.com/wp-content/uploads/2016/03/Ear-mushroom-recipe-with-red-fish.jpg
58,1,1,3,1,Fish and Radish Soup,0.75,https://jessiekoeyskitchen.files.wordpress.com/2015/11/cabbage.jpg
59,1,1,3,1,Fish and Bitter Melon Soup,4.63,https://3.bp.blogspot.com/-kRsIFwTheQU/VZtd8cI56DI/AAAAAAAABPw/Yus49BnGmk8/s1600/image.jpg
60,1,1,3,1,Fish and Tomato Soup,1.48,https://images-gmi-pmc.edge-generalmills.com/158679b5-f931-4252-b43f-8253f0ad67bb.jpg
61,1,1,3,1,Fish and Chinese Yam Soup,0.86,https://i.ytimg.com/vi/V2dlVnmywto/maxresdefault.jpg
62,1,1,3,1,Fish and Seaweed Soup,1.3,https://www.koreanbapsang.com/wp-content/uploads/2010/04/DSC9562-4-1.jpg
63,1,1,4,1,Mala Hotpot (Pick Your Own Ingredient),4.95,https://www.chinasichuanfood.com/wp-content/uploads/2012/10/mala-dry-pot-6.jpg
64,1,1,5,7,Bibimbap (Mixed Rice Bowl),0.12,https://img.taste.com.au/62FH72Dz/taste/2016/11/korean-mixed-rice-bibimbap-100884-1.jpeg
65,1,1,5,7,Kimchi Fried Rice,2.25,https://takestwoeggs.com/wp-content/uploads/2022/03/Kimchi-Fried-Rice-Kimchi-bokkeumbap-takestwoeggs-final-photography-sq.jpg
66,1,1,5,7,Bulgogi (Marinated Grilled Beef),2.64,https://assets.bonappetit.com/photos/57acd741f1c801a1038bc801/1:1/w_2560%2Cc_limit/basic-bulgogi.jpg
67,1,1,5,7,Japchae (Stir-fried Glass Noodles),1.53,https://drivemehungry.com/wp-content/uploads/2020/06/japchae-korean-glass-noodles-19.jpg
68,1,1,5,7,Kimbap (Seaweed Rice Rolls),3.58,https://chewonthis.blog/wp-content/uploads/2020/10/Gimbap.png
69,1,1,5,7,Tteokbokki (Spicy Rice Cake),0.14,https://www.cookerru.com/wp-content/uploads/2022/10/tteokbokki-preview-main.jpg
70,1,1,5,7,Samgyeopsal (Grilled Pork Belly),2.93,https://www.honestfoodtalks.com/wp-content/uploads/2022/04/Samgyeopsal-with-kimchi-and-beansprouts.jpg
71,1,1,5,7,Jjajangmyeon (Noodles in Black Bean Sauce),3.69,https://christieathome.com/wp-content/uploads/2020/03/Jajangmyeon-6.jpg
72,1,1,5,7,Sundubu-jjigae (Soft Tofu Stew),2,https://futuredish.com/wp-content/uploads/2020/04/Soondubu-Hero-Image-3.jpg
73,1,1,5,7,Mandu (Dumplings),4.31,https://www.thespruceeats.com/thmb/KB7bz9U7M9K4r7GD50wbIEC7P3s=/1500x0/filters:no_upscale():max_bytes(150000):strip_icc()/korean-dumpling-mandoo-2118676-hero-01-2e60dd10c6404f44ba00d6be80b63c0f.jpg
74,1,1,5,7,Kimchi Pancakes,1.33,https://straightupeats.com/wp-content/uploads/2020/07/Crispy-Korean-Kimchi-Pancake.jpg
75,1,1,5,7,Galbi (Marinated Grilled Short Ribs),2.85,https://www.seriouseats.com/thmb/xBpjlTGEywUgh43aMVSFcq014lg=/1500x0/filters:no_upscale():max_bytes(150000):strip_icc()/__opt__aboutcom__coeus__resources__content_migration__serious_eats__seriouseats.com__2019__07__20190619-korean-bbq-kalbi-beef-short-ribs-vicky-wasik-21-6d69144cd74a478a81b0286b19cd79ba.jpg
76,1,1,5,7,Haemul Pajeon (Seafood Pancake),3.32,https://www.maangchi.com/wp-content/uploads/2021/04/pajeon-insta.jpg
77,1,1,5,7,Gimbap (Rice Rolls with Assorted Fillings),4.96,https://www.siftandsimmer.com/wp-content/uploads/2023/05/IMG_5314-featured.jpg
78,1,1,5,7,Dakgalbi (Spicy Stir-fried Chicken),0.12,https://christieathome.com/wp-content/uploads/2020/01/Dak-Galbi-12.jpg
79,1,1,5,7,Bossam (Boiled Pork Wraps),3.1,https://www.koreanbapsang.com/wp-content/uploads/2013/11/DSC_2047-e1483116056734.jpg
80,1,1,5,7,Yukgaejang (Spicy Beef Soup),1.59,https://asianinspirations.com.au/wp-content/uploads/2019/02/R01906_Korean_Spicy_Beef_Soup.jpg
81,1,1,5,7,Kimchi Jjigae (Kimchi Stew),2.74,https://www.koreanbapsang.com/wp-content/uploads/2014/03/DSC_5089-3.jpg
82,1,1,5,7,Gamjatang (Spicy Pork Bone Soup),0.83,https://glebekitchen.com/wp-content/uploads/2017/11/koreanporkbonesoupclosecropfront.jpg
83,1,1,5,7,Bibim Guksu (Spicy Cold Noodles),2.28,https://www.koreanbapsang.com/wp-content/uploads/2010/07/DSC9473_01-2-500x500.jpg
84,1,1,6,1,Black Pepper Beef,0.6,https://norecipes.com/wp-content/uploads/2017/11/black-pepper-beef-003.jpg
85,1,1,6,1,Salted Egg Prawn,1.78,https://www.unileverfoodsolutions.com.ph/dam/global-ufs/mcos/SEA/calcmenu/recipes/PH-recipes/fish-&-other-seafood-dishes/salted-egg-prawns-recipe/main-header.jpg
86,1,1,6,1,Sweet and Sour Fish,0.85,https://yummykitchentv.com/wp-content/uploads/2023/05/sweet-and-sour-fish-fillet.jpg
87,1,1,6,1,Sambal Kangkong (Water Spinach),3.23,
88,1,1,6,1,Claypot Tofu,2.81,
89,1,1,6,1,Cereal Prawns,2.87,
90,1,1,6,1,Garlic Butter Crab,0.11,
91,1,1,6,1,Gong Bao Chicken (Kung Pao Chicken),1.12,
92,1,1,6,1,Stir-Fried Marmite Chicken,0.07,
93,1,1,6,1,Sizzling Sambal Squid,0.59,
94,1,1,6,1,Salted Fish Fried Rice,0.79,
95,1,1,6,1,Stir-Fried Chili Crab,0.25,
96,1,1,6,1,Stir-Fried Petai (Stinky Beans) with Shrimp,1.3,
97,1,1,6,1,Assam Fish Head Curry,4.99,
98,1,1,6,1,Hot Plate Tofu,0.1,
99,1,1,6,1,Stir-Fried Lala (Clams) in Chili Sauce,3.5,
100,1,1,6,1,Oyster Omelette,1.26,
101,1,1,6,1,Crispy Pork Belly,2.14,
102,1,1,6,1,Stir-Fried Beef Hor Fun (Flat Rice Noodles),1.66,
103,1,1,6,1,Claypot Fish Head Curry,3.41,
104,1,1,7,1,Mixed Rice (Pick Your Own Dishes),1.15,
105,1,1,8,1,Hainanese Chicken Rice (Steamed or Roasted),2.63,
106,1,1,8,1,Roasted Chicken Leg,3.97,
107,1,1,8,1,Soy Sauce Chicken,4.66,
108,1,1,8,1,Char Siu (Barbecue Pork),3.48,
109,1,1,8,1,Braised Chicken Feet,0.88,
110,1,1,8,1,Chicken Rice Balls,4.03,
111,1,1,8,1,Chicken Rice Soup,0.25,
112,1,1,8,1,Fried Chicken Wings,0.7,
113,1,1,8,1,Chicken Satay Skewers,0.79,
114,1,1,8,1,Stir-Fried Chicken with Vegetables,2.1,
115,1,1,8,1,Chicken Chop with Mushroom Sauce,1.79,
116,1,1,8,1,Chicken Curry,4.21,
117,1,1,8,1,Chicken Congee (Rice Porridge),3.08,
118,1,1,8,1,Chicken Cutlet,1.13,
119,1,1,8,1,Chicken and Vegetable Stir-Fry,0.66,
120,1,1,8,1,Chicken and Corn Soup,0.05,
121,1,1,8,1,Chicken Dumplings,3.53,
122,1,1,8,1,Chicken Spring Rolls,1.37,
123,1,1,8,1,Chicken and Cashew Nut Stir-Fry,0.91,
124,1,1,8,1,Grilled Chicken Salad,0.23,
125,1,1,9,10,Teh Tarik (Pulled Tea),2.62,
126,1,1,9,10,Kopi (Traditional Coffee),0.18,
127,1,1,9,10,Milo Dinosaur (Iced Milo with extra Milo powder),0.23,
128,1,1,9,10,Bandung (Rose Syrup Milk Drink),4.54,
129,1,1,9,10,Grass Jelly Drink,4.59,
130,1,1,9,10,Lime Juice,1.09,
131,1,1,9,10,Barley Water,3.3,
132,1,1,9,10,Chrysanthemum Tea,3.22,
133,1,1,9,10,Sugar Cane Juice,1.9,
134,1,1,9,10,Fresh Coconut Water,0.59,
135,1,1,9,10,Soya Bean Milk,2.37,
136,1,1,9,10,Watermelon Juice,3.97,
137,1,1,9,10,Lemon Barley,0.33,
138,1,1,9,10,Iced Lemon Tea,4.21,
139,1,1,9,10,Longan Drink,3.95,
140,1,1,9,10,Lychee Soda,4.14,
141,1,1,9,10,Honey Lemon Drink,2.54,
142,1,1,9,10,Herbal Tea (Luo Han Guo or Gui Ling Gao),1.82,
143,1,1,9,10,"Fresh Fruit Smoothies (e.g., Mango, Strawberry, Banana)",1.78,
144,2,2,10,1,Mixed Rice (Pick Your Own Dishes),4.88,
145,2,2,11,1,Beef Noodle Soup,3.66,
146,2,2,11,1,Dan Dan Noodles,0.32,
147,2,2,11,1,Singapore Noodles,4.65,
148,2,2,11,1,Zhajiangmian (Minced Pork Noodles),4.01,
149,2,2,11,1,Cantonese Wonton Noodle Soup,0.17,
150,2,2,11,1,Sichuan Spicy Cold Noodles,4.09,
151,2,2,11,1,Shanghai Fried Noodles,0.68,
152,2,2,11,1,Hunan Spicy Noodles,2.43,
153,2,2,11,1,Lanzhou Beef Noodles,4.35,
154,2,2,11,1,Chongqing Hot Pot Noodles,1.81,
155,2,2,11,1,Shrimp Lo Mein,2.05,
156,2,2,11,1,Vegetable Chow Mein,0.6,
157,2,2,11,1,Taiwanese Braised Pork Noodles (Lu Rou Fan),0.88,
158,2,2,11,1,Hainanese Chicken Noodles,0.64,
159,2,2,11,1,Cold Sesame Noodles,4.39,
160,2,2,11,1,Shaanxi Biang Biang Noodles,4.42,
161,2,2,11,1,Fujian Fried Noodles (Hokkien Mee),2.35,
162,2,2,11,1,Zha Jiang Mian (Beijing-style Noodles with Soybean Paste),0.79,
163,2,2,12,1,Mala Hotpot (Pick Your Own Ingredient),4.28,
164,2,2,13,4,Beef Noodle Soup,4.36,
165,2,2,13,4,Braised Pork Rice (Lu Rou Fan),2.94,
166,2,2,13,4,Oyster Omelette (Oh Ah Jian),2.96,
167,2,2,13,4,Fried Chicken Cutlet (Ji Pai),1.62,
168,2,2,13,4,Taiwanese Sausage (Xiang Chang),3.89,
169,2,2,13,4,Scallion Pancake (Cong You Bing),3.41,
170,2,2,13,4,Three Cup Chicken (San Bei Ji),1.27,
171,2,2,13,4,Bubble Tea (Boba Tea),4.66,
172,2,2,13,4,Stinky Tofu (Chou Doufu),3.35,
173,2,2,13,4,Pineapple Cake (Feng Li Su),1.11,
174,2,2,13,4,Fried Milk (Nai You Zha),3.53,
175,2,2,13,4,Salt and Pepper Chicken (Yan Su Ji),4.16,
176,2,2,13,4,Pork Intestine Vermicelli (Zhu Xiang Mi Fen),0.92,
177,2,2,13,4,Taiwanese Popcorn Chicken (Yan Su Ji),4.75,
178,2,2,13,4,Braised Beef Noodles (Hong Shao Niu Rou Mian),3.08,
179,2,2,13,4,Taiwanese Fried Rice (Tong Fan),0.89,
180,2,2,13,4,Minced Pork Rice (Fan Tuan),4.42,
181,2,2,13,4,Taiwanese Hot Pot (Shabu Shabu),0.15,
182,2,2,13,4,Aiyu Jelly (Ai Yu Bing),0.52,
183,2,2,13,4,Iron Egg (Tie Dan),0.33,
184,2,2,14,6,Sushi (Assorted Nigiri or Maki Rolls),4.9,
185,2,2,14,6,"Ramen (Tonkotsu, Shoyu, Miso, or Shio)",2.08,
186,2,2,14,6,Tempura (Assorted Deep-Fried Vegetables and Seafood),0.99,
187,2,2,14,6,Teriyaki Chicken or Beef,1.42,
188,2,2,14,6,Sashimi (Assorted Fresh Raw Fish),2.35,
189,2,2,14,6,Yakitori (Grilled Skewered Chicken),1.03,
190,2,2,14,6,Udon (Thick Wheat Noodles in Broth),0.98,
191,2,2,14,6,Gyoza (Japanese Dumplings),0.71,
192,2,2,14,6,Donburi (Rice Bowl Topped with Meat or Seafood),3.06,
193,2,2,14,6,Okonomiyaki (Japanese Savory Pancake),0.54,
194,2,2,14,6,Chirashi Sushi (Scattered Sushi Bowl),4.61,
195,2,2,14,6,Yakiniku (Grilled Meat),1.2,
196,2,2,15,1,Salted Egg Prawn,4.29,
197,2,2,15,1,Black Pepper Beef,3.28,
198,2,2,15,1,Stir-Fried Sambal Kangkong (Water Spinach),0.06,
199,2,2,15,1,Claypot Tofu,3.71,
200,2,2,15,1,Cereal Prawns,0.5,
201,2,2,15,1,Stir-Fried Garlic Butter Crab,1.15,
202,2,2,15,1,Sweet and Sour Pork,2.49,
203,2,2,15,1,Gong Bao Chicken (Kung Pao Chicken),4.63,
204,2,2,15,1,Stir-Fried Marmite Chicken,0.07,
205,2,2,15,1,Sambal Squid,3.04,
206,2,2,15,1,Assam Fish Head Curry,0.65,https://i0.wp.com/wokdiaries.com/wp-content/uploads/2020/08/curry-fish-head.jpg?fit=1024%2C683&ssl=1
207,2,2,16,1,Roast Duck,2.4,
208,2,2,16,1,Roast Chicken,1.41,
209,2,2,16,1,Roast Pork Belly (Siew Yuk),2.05,
210,2,2,16,1,Char Siu (Barbecue Pork),4.01,
211,2,2,16,1,Crispy Roast Pork (Siobak),0.98,
212,2,2,16,1,Roast Goose,3.89,
213,2,2,16,1,Soy Sauce Chicken,2.26,https://upload.wikimedia.org/wikipedia/commons/0/07/Soy_Sauce_Chicken.jpg
214,2,2,16,1,Herbal Roast Duck,2.09,
215,2,2,16,1,Honey Glazed Char Siu,4.2,
216,2,2,16,1,Crispy Roast Chicken,3.86,
217,2,2,16,1,Roast Pork with Crackling Skin,1.34,
218,2,2,16,1,Five-Spice Roast Duck,4.45,
219,2,2,16,1,BBQ Pork Ribs,0.86,https://www.allrecipes.com/thmb/I2ENWJQG1mb2b5OSXPqQudzlzJw=/1500x0/filters:no_upscale():max_bytes(150000):strip_icc()/220987-Baked-BBQ-Baby-Back-Ribs-mfs-041-77a42b0ce0f0424e9aeec2b22664f1aa.jpg
220,2,2,17,1,Yong Tau Foo (Pick Your Own Ingredient),2.88,
221,2,2,18,5,Grilled Chicken Breast with Roasted Vegetables,2.64,
222,2,2,18,5,Classic Beef Burger with Fries,0.28,
223,2,2,18,5,Spaghetti Bolognese,1.78,https://www.kitchensanctuary.com/wp-content/uploads/2019/09/Spaghetti-Bolognese-square-FS-0204.jpg
224,2,2,18,5,Fish and Chips,1.73,
225,2,2,18,5,Caesar Salad with Grilled Chicken,1.64,
226,2,2,18,5,BBQ Ribs with Coleslaw and Cornbread,2.83,
227,2,2,18,5,Margherita Pizza,1.29,
228,2,2,18,5,Pan-Seared Salmon with Lemon Butter Sauce,1,
229,2,2,19,10,Teh Tarik (Pulled Tea),3.65,
230,2,2,19,10,Kopi (Traditional Coffee),4.85,
231,2,2,19,10,Milo Dinosaur (Iced Milo with extra Milo powder),3.86,
232,2,2,19,10,Bandung (Rose Syrup Milk Drink),1.21,
233,2,2,19,10,Grass Jelly Drink,1.29,
234,2,2,19,10,Lime Juice,1.99,
235,2,2,19,10,Barley Water,4.79,
236,2,2,19,10,Chrysanthemum Tea,0.8,
237,2,2,19,10,Sugar Cane Juice,1.28,
238,2,2,19,10,Fresh Coconut Water,1.78,
239,2,2,19,10,Soya Bean Milk,2.24,
240,2,2,19,10,Watermelon Juice,2.47,
241,2,2,19,10,Lemon Barley,1.28,
242,2,2,19,10,Iced Lemon Tea,2.43,
243,2,2,19,10,Longan Drink,2.99,
244,2,2,19,10,Lychee Soda,2.6,
245,2,2,19,10,Honey Lemon Drink,3,
246,2,2,19,10,Herbal Tea (Luo Han Guo or Gui Ling Gao),0.01,
247,2,2,19,10,"Fresh Fruit Smoothies (e.g., Mango, Strawberry, Banana)",2.67,
248,2,2,19,11,Apple ,1.91,
249,2,2,19,11,Banana,0.78,https://images.everydayhealth.com/images/diet-nutrition/all-about-bananas-nutrition-facts-health-benefits-recipes-and-more-rm-722x406.jpg
250,2,2,19,11,Orange,4.3,
251,2,2,19,11,Strawberry,1.38,
252,2,2,19,11,Grapes,4.45,
253,2,2,19,11,Watermelon,3.33,https://images.immediate.co.uk/production/volatile/sites/30/2019/07/Watermelon-slices-eaecaae.jpg
254,2,2,19,11,Pineapple,2.57,
255,2,2,19,11,Mango,1.99,https://post.medicalnewstoday.com/wp-content/uploads/sites/3/2022/01/mangoes_what_to_know_732x549_thumb-732x549.jpg
256,2,2,19,11,Kiwi,0.54,
257,2,2,19,11,Pear,3.42,
258,2,3,20,7,Bibimbap ,4.22,
259,2,3,20,7,Kimchi ,4.49,
260,2,3,20,7,Bulgogi ,0.49,https://www.allrecipes.com/thmb/pM4n3JuDs_hWZ9GeFBpsvBe4eC4=/1500x0/filters:no_upscale():max_bytes(150000):strip_icc()/100606-beef-bulgogi-DDMFS-4x3-b59a31e8b94f4c7091e333847bf0c406.jpg
261,2,3,20,7,Japchae ,4.59,https://i2.wp.com/hipfoodiemom.com/wp-content/uploads/2017/02/IMG_0979_new.jpg
262,2,3,20,7,Miso Soup,4.68,
263,2,3,20,7,Tteokbokki ,0.11,https://www.foodnetwork.com/content/dam/images/food/fullset/2022/06/03/0/FNK_Gireum-Tteokbokki_H2_s4x3.jpg
264,2,3,20,7,Kimbap ,3.94,
265,2,3,20,6,Ramen ,3.19,
266,2,3,20,6,Tempura ,1.33,https://www.foodandwine.com/thmb/NCG5zIl0z-XHCXFLW-IOm_ecBpE=/1500x0/filters:no_upscale():max_bytes(150000):strip_icc()/Okra-Tempura-With-Lime-Fonzu-Dipping-Sauce-FT-Recipe-0821-4a303b867fe245639f780abaf2063968.jpg
267,2,3,20,6,Teriyaki ,0.24,
268,2,3,20,6,Udon ,3.23,
269,2,3,20,6,Yakitori ,1.41,"https://img.sndimg.com/food/image/upload/q_92,fl_progressive,w_1200,c_scale/v1/img/recipes/74/84/4/wJzaUOYASw64dUqTpa9Z_yakitori%20SITE.jpg"
270,2,3,20,6,Okonomiyaki ,2.27,
271,2,3,20,6,Tonkatsu ,0.25,https://www.seriouseats.com/thmb/tDNnxA2HheKd5UKMdWpUvCAxiM0=/1500x0/filters:no_upscale():max_bytes(150000):strip_icc()/__opt__aboutcom__coeus__resources__content_migration__serious_eats__seriouseats.com__2017__04__20170125-tonkatsu-japanese-pork-chicken-katsu-cutlet-recipe-21-6ed88941dd584530923a70e7baf1bb91.jpg
272,2,3,21,1,Roasted Chicken Rice,3.36,
273,2,3,21,1,Roasted Pork Rice,4.07,"https://images.lifestyleasia.com/wp-content/uploads/sites/6/2022/08/15112926/183467680_804922600448651_7450370667075668838_n-e1660534262141.jpg?tr=w-1200,h-900"
274,2,3,21,1,Roasted Duck Rice,4.02,
275,2,3,21,1,Wanton Noodle,2.75,https://images.lifestyleasia.com/wp-content/uploads/sites/6/2022/06/20171455/best-wanton-noodles-singapore-1453x900.jpg
276,2,3,22,1,Five Grains Beehoon Stir-Fry,3.08,
277,2,3,22,1,Five Grains Beehoon Soup,1.28,
278,2,3,22,1,Five Grains Beehoon Curry,4.65,
279,2,3,22,1,Five Grains Beehoon Seafood,0.99,https://cdn.foodadvisor.com.sg/3/400/ycqwu/vt-iw/Fhetksji/4657773.zfw/fragrant-prawn-five-grains-bee-hoon.jpg
280,2,3,22,1,Five Grains Beehoon Chicken,1.45,
281,2,3,23,1,Mala Hotpot (Pick Your Own Ingredient),0.24,
282,2,3,24,1,Shumai (Steamed Dumplings),2.94,https://omnivorescookbook.com/wp-content/uploads/2023/02/230224_Cantonese-Shumai-with-Pork-And-Shrimp_550.jpg
283,2,3,24,1,Har Gow (Shrimp Dumplings),0.26,
284,2,3,24,1,Char Siu Bao (Steamed BBQ Pork Buns),4.84,
285,2,3,24,1,Xiaolongbao (Soup Dumplings),0.91,"https://img.sndimg.com/food/image/upload/q_92,fl_progressive,w_1200,c_scale/v1/img/recipes/46/96/12/ZjK6w7d3Soa4y9kLqsOr_DIN_TAI_FUNG_STYLE_XIAO_LONG_BAO_SOUP_DUMPLINGS_025.jpg"
286,2,3,24,1,Cheong Fun (Steamed Rice Noodle Rolls),3.48,
287,2,3,24,1,Lo Bak Go (Turnip Cake),2.66,https://hot-thai-kitchen.com/wp-content/uploads/2021/01/Lo-Bak-Go-Web-720x420.jpg
288,2,3,24,1,Chicken Feet (Fengzhua),2.08,
289,2,3,24,1,Egg Custard Tarts,1.15,
290,2,3,24,1,Sesame Balls (Jian Dui),1.77,
291,2,3,24,1,Steamed Spare Ribs with Black Bean Sauce,0.55,https://www.ohmyfoodrecipes.com/wp-content/uploads/2020/07/steamed-pork-ribs-with-black-beans.jpg
292,2,3,24,1,Bean Curd Skin Rolls (Fu Pei Guen),4.49,
293,2,3,24,1,Stuffed Bell Peppers (Yan Wo),1.68,https://www.artfrommytable.com/wp-content/uploads/2017/04/low-carb-asian-stuffed-peppers-Art-From-My-Table-Facebook-Share-4.jpg
294,2,3,24,1,Stuffed Mushrooms,2.88,
295,2,3,24,1,Phoenix Claws (Fengzhua),4.48,
296,2,3,24,1,Taro Dumplings (Wu Gok),1.74,
297,2,3,25,5,Cheeseburger,3.97,https://hips.hearstapps.com/hmg-prod/images/best-ever-burger-index-646e5ae887b2b.jpg
298,2,3,25,5,Chicken Caesar Salad,3.15,
299,2,3,25,5,Fish and Chips,0.48,https://www.thespruceeats.com/thmb/k8Ejnb3LR7yrhwGirJEC2x6r1sg=/1500x0/filters:no_upscale():max_bytes(150000):strip_icc()/best-fish-and-chips-recipe-434856-Hero-5b61b89346e0fb00500f2141.jpg
300,2,3,25,5,BBQ Ribs,1.91,
301,2,3,25,5,Grilled Chicken Sandwich,4.78,
302,2,3,25,5,Caesar Wrap,0.94,https://littlesunnykitchen.com/wp-content/uploads/Chicken-Caesar-Wraps-16-500x500.jpg
303,2,3,25,5,Steak with Mashed Potatoes,2.02,
304,2,3,25,5,Margherita Pizza,1.15,https://www.cookingchanneltv.com/content/dam/images/cook/fullset/2011/1/6/0/CCEV103_Margherita-Pizza_s4x3.jpg
305,2,3,25,5,Buffalo Chicken Wings,0.09,
306,2,3,25,5,Classic Club Sandwich,0.45,https://upload.wikimedia.org/wikipedia/commons/thumb/4/4f/Club_sandwich.png/1200px-Club_sandwich.png
307,2,3,25,5,Pulled Pork Sandwich,0.99,
308,2,3,25,5,Baked Macaroni and Cheese,1.88,https://www.foodnetwork.com/content/dam/images/food/fullset/2014/8/22/0/YW0509_Baked-Mac-n-Cheese_s4x3.jpg
309,2,3,25,5,Chicken Pot Pie,2.58,
310,2,3,25,5,Caesar Salad Wrap,3.23,https://www.hormel.com/getattachment/563d72f6-940e-4777-a20b-a1063475bd89
311,2,3,25,5,Fried Chicken with Coleslaw,0.47,
312,2,3,26,4,Beef Noodle Soup (Niu Rou Mian),1.36,
313,2,3,26,4,Gua Bao (Steamed Bun with Braised Pork Belly),2.93,
314,2,3,26,4,Fried Chicken Cutlet (Ji Pai),2.7,https://i0.wp.com/tarasmulticulturaltable.com/wp-content/uploads/2016/08/Ji-Pai-Taiwanese-Fried-Chicken-Steak-2-of-3-e1607130416979.jpg?fit=1300%2C865&ssl=1
315,2,3,26,4,Bubble Tea (Boba Milk Tea),1.24,
316,2,3,26,4,Oyster Pancake (O Ah Jian),0.02,
317,2,3,26,4,Scallion Pancake (Cong You Bing),0.57,
318,2,3,26,4,Braised Pork Rice (Lu Rou Fan),1.87,
319,2,3,26,4,Stinky Tofu (Chou Doufu),0.2,
320,2,3,26,4,Xiao Long Bao (Soup Dumplings),1.06,
321,2,3,26,4,Three-Cup Chicken (San Bei Ji),3.71,
322,2,3,26,4,Taiwanese Sausage (Xiang Chang),1.28,
323,2,3,26,4,Fried Rice Vermicelli (Mee Sua),0.23,
324,2,3,26,4,Dan Bing (Egg Pancake Roll),0.04,
325,2,3,26,4,Pineapple Cake (Feng Li Su),0.61,
326,2,3,27,3,Butter Chicken,1.47,
327,2,3,27,3,Chicken Biryani,2.11,
328,2,3,27,3,Tandoori Chicken,2.49,
329,2,3,27,3,Palak Paneer (Spinach and Cottage Cheese Curry),3.68,
330,2,3,27,3,Chole Bhature (Chickpea Curry with Fried Bread),0.86,
331,2,3,27,3,Rogan Josh (Lamb Curry),4.53,
332,2,3,27,3,Masala Dosa (Crispy Pancake with Potato Filling),0.88,
333,2,3,27,3,Dal Makhani (Creamy Lentil Curry),1.71,
334,2,3,27,3,Paneer Tikka (Grilled Cottage Cheese Skewers),0.64,
335,2,3,27,3,Aloo Gobi (Potato and Cauliflower Curry),2.33,
336,2,3,27,3,Naan (Indian Bread),4.38,
337,2,3,28,1,Mixed Rice (Pick Your Own Dishes),2.25,
338,2,3,29,5,Mixed Salad (Pick Your Own Ingredient),4.08,
339,2,3,30,10,Bandung (Rose Syrup Milk Drink),3.51,
340,2,3,30,10,Grass Jelly Drink,2.21,
341,2,3,30,10,Lime Juice,1.13,
342,2,3,30,10,Barley Water,1.48,https://blog-images-1.pharmeasy.in/blog/production/wp-content/uploads/2021/04/20145441/shutterstock_1140160808-1.jpg
343,2,3,30,10,Chrysanthemum Tea,4.64,
344,2,3,30,10,Sugar Cane Juice,0.63,
345,2,3,30,10,Fresh Coconut Water,1.52,
346,2,3,30,10,Soya Bean Milk,0.46,
347,2,3,30,10,Watermelon Juice,3.65,
348,2,3,30,10,Lemon Barley,4.79,
349,2,3,30,10,Iced Lemon Tea,3.03,
350,2,3,30,10,Longan Drink,2.54,https://4.bp.blogspot.com/_wjO9ZSr8ZTA/TSFjEMPwCtI/AAAAAAAAJZM/CNaN0OUDw9o/s800/SSWF-LHGWDLDrinks.jpg
351,2,3,30,10,Lychee Soda,0.26,
352,2,3,30,10,Honey Lemon Drink,2,
353,2,3,30,10,Herbal Tea (Luo Han Guo or Gui Ling Gao),4.78,
354,2,3,30,10,"Fresh Fruit Smoothies (e.g., Mango, Strawberry, Banana)",4.04,https://recipesformen.com/wp-content/uploads/2020/03/strawberry_mango_banana_smoothie-6.jpg
355,2,3,31,12,Hong Kong Noodle,3.41,
356,2,3,31,12,Pineapple Bun (Bo Lo Bao),3.18,
357,2,3,31,12,Wonton Noodle Soup,3.41,
358,2,3,31,12,Hong Kong-Style French Toast,0.78,
359,2,3,31,12,BBQ Pork (Char Siu),0.44,https://www.allrecipes.com/thmb/N4XfLQfijUWdFlsaY_RWitLQV7o=/1500x0/filters:no_upscale():max_bytes(150000):strip_icc()/1060446-char-siu-chinese-bbq-pork-Sherri-4x3-1-27eec08a49ea4922ac3440c35bfc6e1b.jpg
360,2,3,31,12,Egg Tarts (Dan Tat),0.48,
361,2,3,31,12,Beef Brisket Noodle Soup,2.44,
362,2,3,31,12,Hong Kong-Style Milk Tea,0.24,
363,2,3,31,12,Curry Fish Balls,0.08,
364,2,3,31,12,Clay Pot Rice (Bo Zai Fan),0.36,https://www.yumchinesefood.com/images/upload/2019/11/4/claypot-rice.jpg
365,3,4,32,1,Yong Tau Foo (Pick Your Own Ingredient),1.59,
366,3,4,32,1,Laksa (Pick Your Own Ingredient),2.99,
367,3,4,33,1,Sweet and Sour Chicken,2.26,
368,3,4,33,1,General Tso's Chicken,1.7,
369,3,4,33,1,Kung Pao Shrimp,2.79,
370,3,4,33,1,Mongolian Beef,3.56,
371,3,4,33,1,Mapo Tofu,4.33,
372,3,4,33,1,Orange Chicken,1.62,
373,3,4,33,1,Char Siu (Roast Pork),4.03,
374,3,4,33,1,Honey Walnut Shrimp,2.25,
375,3,4,33,1,Salt and Pepper Squid,3.38,
376,3,4,33,1,Lemon Chicken,3.06,
377,3,4,33,1,Szechuan Eggplant,4.36,
378,3,4,33,1,Cashew Chicken,4.35,
379,3,4,33,1,Beef and Broccoli,1.61,
380,3,4,33,1,Moo Shu Pork,1.45,
381,3,4,34,6,"Ramen (Tonkotsu, Shoyu, Miso, or Shio)",0.67,
382,3,4,34,6,"Tempura (Shrimp, Vegetables, or Mixed)",1.83,
383,3,4,34,6,Teriyaki Chicken or Beef,3.93,https://www.lecremedelacrumb.com/wp-content/uploads/2018/03/baked-teriyaki-chicken-102-500x500.jpg
384,3,4,34,6,Gyoza (Pan-Fried Dumplings),0.87,
385,3,4,34,6,Yakitori (Grilled Skewered Chicken),0.01,
386,3,4,34,6,Udon Noodles (Hot or Cold),2.49,
387,3,4,34,6,"Donburi (Rice Bowl with Toppings like Teriyaki, Katsu, or Oyakodon)",3.28,https://images.arigatotravel.com/wp-content/uploads/2022/01/18045903/1-Donburi.jpg
388,3,4,34,6,Okonomiyaki (Japanese Pancake),0.64,
389,3,4,34,6,Takoyaki (Octopus Balls),2.56,https://recipes.net/wp-content/uploads/2022/09/takoyaki-octopus-balls-1024x683.jpg
390,3,4,34,6,Sashimi Platter,3.12,
391,3,4,34,6,Miso Soup,1.35,
392,3,4,34,6,Karaage (Japanese Fried Chicken),0.15,
393,3,4,35,1,Fried Kway Teow,0.61,
394,3,4,35,1,Hokkien Prawn Mee,1.18,https://upload.wikimedia.org/wikipedia/commons/thumb/7/75/Newton_HokkienMee.JPG/800px-Newton_HokkienMee.JPG
395,3,4,35,1,Oyster Omelette,2.69,
396,3,4,35,1,Mee Goreng,0.39,
397,3,4,35,1,Fried Noodles,3.09,
398,3,4,36,9,Pad Thai,3.99,
399,3,4,36,9,Green Curry,2.41,
400,3,4,36,9,Tom Yum Soup,4.56,
401,3,4,36,9,Mango Sticky Rice,0.53,
402,3,4,36,9,Papaya Salad,0.53,
403,3,4,36,9,Fried Rice,3.85,
404,3,4,36,9,Thai Satay,0.65,
405,3,4,37,5,Chicken Chop,3.45,
406,3,4,37,5,Fish and Chips,4.21,
407,3,4,37,5,Lamb Chop,2.1,
408,3,4,37,5,Pulled Pork Sandwich,2.89,https://saltpepperskillet.com/wp-content/uploads/pulled-pork-sandwiches-on-butcher-paper-horizontal.jpg
409,3,4,37,5,Baked Macaroni and Cheese,0.63,
410,3,4,37,5,Fries,4.39,
411,3,4,37,5,Mashed Potato,2.12,
412,3,4,37,5,Fried Chicken Wings,4.44,
413,3,4,38,1,Fish Soup,3.72,
414,3,4,38,1,Laksa,3.32,
415,3,4,38,1,Ban Mian,3.82,
416,3,4,38,1,Seafood Noodle,1.74,https://i0.wp.com/www.angsarap.net/wp-content/uploads/2022/03/Stir-Fried-Seafood-Noodles-Wide.jpg?fit=1080%2C720&ssl=1
417,3,4,38,1,Seafood Soup,2.13,
418,3,4,38,1,Bak Chor Mee,0.89,
419,3,4,38,1,Fish Porridge,4.49,
420,3,4,39,1,Hainanese Chicken Rice,4.43,
421,3,4,39,1,Roasted Chicken Rice,2.18,
422,3,4,39,1,Steamed Chicken Rice,2.44,
423,3,4,39,1,Chicken Rice Set,1.32,
424,3,4,39,1,Chicken Rice Porridge,4.71,
425,3,4,39,1,Chicken Satay,1.95,
426,3,4,39,1,Chicken Chop,3.24,https://i.ytimg.com/vi/kHc_DgWGQDE/maxresdefault.jpg
427,3,4,39,1,Chicken Cutlet Noodles,4.88,
428,3,4,39,1,Chicken Claypot Rice,0.48,
429,3,4,39,1,Chicken Katsu Curry Rice,2.28,
430,3,4,39,1,Chicken and Mushroom Noodles,4.7,
431,3,4,39,1,Chicken and Vegetable Stir-Fry,2.98,
432,3,4,40,13,Vegetable Biryani,0.82,
433,3,4,40,13,Tofu Stir-Fry,2.91,
434,3,4,40,13,Vegetarian Nasi Lemak,1.26,
435,3,4,40,13,Veggie Burger,3.01,https://images.ctfassets.net/qu53tdnhexvd/VkS6PdhsxZDX3fbtebFhG/beda70c3f440d8e7f0f069ee0ecfe229/Vegan-burger-1200-x-600.jpg?w=1440&h=1080
436,3,4,40,13,Vegetarian Laksa,1.47,
437,3,4,40,13,Mixed Vegetable Curry,2.73,https://static.toiimg.com/thumb/87621413.cms?imgsize=81300&width=800&height=800
438,3,4,40,13,Vegetarian Mee Goreng,3.52,
439,3,4,40,13,Spinach and Mushroom Quiche,4.9,
440,3,4,40,13,Vegetable Spring Rolls,0.45,
441,3,4,40,13,Vegetarian Bee Hoon,1.44,https://s3.burpple.com/foods/60bd45eef82699023de1862736_original.?1601395449
442,3,4,40,13,Veggie Wrap,0.13,https://www.culinaryhill.com/wp-content/uploads/2020/04/Ultimate-Veggie-Wrap-Recipe-Culinary-Hill-LR-04SQ.jpg
443,3,4,40,13,Mushroom Rendang,1.29,
444,3,4,40,13,Vegetarian Fried Rice,0.01,
445,3,4,40,13,Veggie Satay,3.38,
446,3,4,40,13,Mixed Vegetable Noodles,2.44,
447,3,4,41,3,Biryani,3.29,https://www.thedeliciouscrescent.com/wp-content/uploads/2019/04/Chicken-Biryani-Square.jpg
448,3,4,41,3,Butter Chicken,1.44,
449,3,4,41,3,Tandoori Chicken,3.13,https://upload.wikimedia.org/wikipedia/commons/thumb/5/53/Tandoori_chicken_laccha_piyaz1_%2836886283595%29.jpg/1200px-Tandoori_chicken_laccha_piyaz1_%2836886283595%29.jpg
450,3,4,41,3,Naan Bread,0.94,
451,3,4,41,3,Paneer Tikka,4.32,
452,3,4,41,3,Chole Bhature,4.54,
453,3,4,41,3,Dosa,0.16,https://vismaifood.com/storage/app/uploads/public/8b4/19e/427/thumb__700_0_0_0_auto.jpg
454,3,4,41,3,Samosa,2.98,
455,3,4,41,3,Masala Dosai,2.59,
456,3,4,41,3,Palak Paneer,1.78,
457,3,4,41,3,Aloo Gobi,2.76,
458,3,4,41,3,Malai Kofta,2.39,
459,3,4,41,3,Chicken Biryani,3.36,
460,3,4,41,3,Pani Puri,2.29,
461,3,4,41,3,Gulab Jamun,0.79,
462,3,4,42,10,Watermelon Juice,1.87,
463,3,4,42,10,Mango Juice,1.99,
464,3,4,42,10,Pineapple Juice,1.45,
465,3,4,42,10,Orange Juice,2.26,
466,3,4,42,10,Apple Juice,1.31,
467,3,4,42,10,Strawberry Juice,2.44,
468,3,4,42,10,Kiwi Juice,0.55,
469,3,4,42,10,Guava Juice,1.59,
470,3,4,42,10,Papaya Juice,3.41,
471,3,4,42,10,Banana Smoothie,3.71,
472,3,4,42,10,Passion Fruit Juice,2.82,
473,3,4,42,10,Grapefruit Juice,4.07,
474,3,4,42,10,Lime Juice,4.35,
475,3,4,42,10,Mixed Berry Juice,2.44,
476,3,4,42,10,Coconut Water,2.87,
477,3,4,43,10,Classic Milk Tea with Tapioca Pearls,0.01,
478,3,4,43,10,Fruit Tea with Aloe Vera,3.2,
479,3,4,43,10,Matcha Green Tea with Boba,4.56,
480,3,4,43,10,Brown Sugar Milk Tea with Tapioca Pearls,1.22,
481,3,4,43,10,Wintermelon Milk Tea,0.42,
482,3,4,43,10,Honeydew Milk Tea,0.46,
483,3,4,43,10,Jasmine Green Tea with Lychee Jelly,4.77,
484,3,4,43,10,Thai Milk Tea with Boba,3.6,
485,3,4,43,10,Strawberry Milk Tea,4.32,
486,3,4,43,10,Mango Smoothie with Tapioca Pearls,1.93,
487,3,4,43,10,Oolong Milk Tea with Grass Jelly,1.32,
488,3,4,43,10,Peach Green Tea with Aloe Vera,2.07,
489,3,4,43,10,Rose Milk Tea,1.05,
490,3,4,43,10,Taro Milk Tea with Tapioca Pearls,2.61,
491,3,4,43,10,Passion Fruit Tea with Boba,4.11,
492,3,4,44,1,Mala Hotpot (Pick Your Own Ingredient),2.25,https://budgetpantry.com/wp-content/uploads/2015/05/May-17-Mala-Hotpot.jpg
493,3,4,45,5,Pasta (Pick Your Own Ingredient),1,
494,4,5,46,1,Traditional Ban Mian,4.63,
495,4,5,46,1,Dry Ban Mian,4.42,
496,4,5,46,1,Tomato Ban Mian,0.15,
497,4,5,46,1,Spicy Ban Mian,3.88,https://sethlui.com/wp-content/uploads/2022/05/top-1-1.jpg
498,4,5,46,1,Sesame Ban Mian,4.18,
499,4,5,46,1,Seafood Ban Mian,4.6,
500,4,5,46,1,Vegetarian Ban Mian,4.32,https://3.bp.blogspot.com/-dnbuJwPiCmY/Up31inDvZ7I/AAAAAAAABG0/zhe6e8Vw4qs/s1600/778.jpg
501,4,5,46,1,Mushroom Ban Mian,4.26,
502,4,5,47,6,Shoyu Ramen,2.93,
503,4,5,47,6,Miso Ramen,2.45,
504,4,5,47,6,Tonkotsu Ramen,3.51,https://i1.wp.com/seonkyounglongest.com/wp-content/uploads/2020/09/Easy-Tonkotsu-26-mini.jpg?fit=1000%2C667&ssl=1
505,4,5,47,6,Shio Ramen,2.06,
506,4,5,47,6,Tsukemen,1.65,
507,4,5,47,6,Curry Ramen,3.28,https://glebekitchen.com/wp-content/uploads/2020/11/currychickenramentopbowl-500x500.jpg
508,4,5,47,6,Spicy Ramen,1.86,
509,4,5,47,6,Vegetable Ramen,4.28,
510,4,5,47,6,Seafood Ramen,2.75,
511,4,5,47,6,Chicken Ramen,4.89,https://www.theflavorbender.com/wp-content/uploads/2019/01/Easy-Chicken-Ramen-Featured.jpg
512,4,5,48,3,utter Chicken Pizza,0.42,
513,4,5,48,3,Tikka Masala Burrito,0.98,
514,4,5,48,3,Samosa Chaat Tacos,4.05,https://www.manjulaskitchen.com/wp-content/uploads/taco_samosa.jpg
515,4,5,48,3,Tandoori Chicken Burger,1.83,
516,4,5,48,3,Paneer Tikka Quesadilla,2.49,
517,4,5,49,1,Traditional Seafood Pao Fan,2.58,
518,4,5,49,1,Spicy Seafood Pao Fan,4.08,https://nomadette.com/wp-content/uploads/2021/12/Seafood-Pao-Fan-1440x810.jpg
519,4,5,49,1,Omelette Seafood Pao Fan,4.73,
520,4,5,50,1,Mala Pot Chicken,1.03,
521,4,5,50,1,Mala Pot Pork,3.68,
522,4,5,50,1,Mala Pot Beef,1.57,
523,4,5,51,13,Veggie Burger,3.59,https://www.indianhealthyrecipes.com/wp-content/uploads/2016/02/veg-burger-recipe-1-480x270.jpg
524,4,5,51,13,Falafel Wrap,1.25,
525,4,5,51,13,Caprese Salad,1.15,
526,4,5,51,13,Vegetable Stir-Fry,2.12,
527,4,5,51,13,Margherita Pizza,1.34,
528,4,5,51,13,Veggie Sushi Roll,4.04,
529,4,5,51,13,Lentil Soup,2.21,
530,4,5,51,13,Veggie Fried Rice,1.97,https://www.eatwell101.com/wp-content/uploads/2022/04/Veggie-Fried-Rice-recipe-1.jpg
531,4,5,51,13,Stuffed Bell Peppers,0.99,
532,4,5,51,13,Veggie Spring Rolls,4.82,https://healthynibblesandbits.com/wp-content/uploads/2018/01/Vegetable-Spring-Rolls-FF-1.jpg
533,4,5,51,13,Spinach and Mushroom Quiche,4.63,
534,4,5,52,1,"Mixed Veg Rice (Fixed Menu, Changes Everyday)",3.54,
535,4,5,53,1,Egg Fried RIce,3.17,
536,4,5,53,1,Chicken Cutlet Fried Rice,3.07,https://eatbook.sg/wp-content/uploads/2022/02/7-SELECT-Chicken-Cutlet-Fried-Rice-1.jpg
537,4,5,53,1,Pork Cutlet Fried RIce,0.39,
538,4,5,53,1,Shrimp Fried Rice ,1.19,
539,4,5,53,1,Karaage Fried Rice,4.06,
540,4,5,54,6,Pork Curry Rice,3.58,
541,4,5,54,6,Omelette Curry RIce,3.29,
542,4,5,54,6,Chicken Curry Rice,0.13,
543,4,5,54,6,Vegetable Curry Rice,4.71,
544,4,5,54,6,Beef Curry Rice,4.09,"https://assets.epicurious.com/photos/57978ae83a12dd9d56024009/master/w_1000,h_667,c_limit/fragrant-beef-curry-with-rice.jpg"
545,4,5,54,6,Fish Curry Rice,4.53,
546,4,5,54,6,Paneer Curry Rice,3.74,
547,4,5,54,6,Egg Curry Rice,4.52,
548,4,5,55,5,French Fries,2.06,https://www.thespruceeats.com/thmb/X_JGM04VusvkuGqTVan4QmBRqjI=/1500x0/filters:no_upscale():max_bytes(150000):strip_icc()/how-to-make-homemade-french-fries-2215971-hero-01-02f62a016f3e4aa4b41d0c27539885c3.jpg
549,4,5,55,5,Chicken Karaage,0.1,
550,4,5,55,5,Takoyaki (Octopus Balls),1.48,
551,4,5,56,5,Pancakes,0.27,https://www.marthastewart.com/thmb/9SwNGFbxZv2ttLQ3uvZe_McJChk=/1500x0/filters:no_upscale():max_bytes(150000):strip_icc()/easy-basic-pancakes-horiz-1022_0-f13ba897aba6423db7901ca826595244.jpgitokXQMZkp_j
552,4,5,56,5,Waffles,2.5,
553,4,5,56,5,Eggs Benedict,3.55,
554,4,5,56,5,Omelette,1.29,
555,4,5,56,5,French Toast,4.9,
556,4,5,56,5,Breakfast Burrito,2.28,
557,4,5,56,5,Bagel with Cream Cheese,4.51,
558,4,5,57,5,Ice Cream (Assorted Flavours),2.15,
559,4,5,57,5,Fish Skin (Assorted Flavours),4.1,
560,4,5,58,10,Teh Tarik,1.28,
561,4,5,58,10,Kopi O,0.01,
562,4,5,58,10,Milo Dinosaur,0.04,
563,4,5,58,10,Bandung,3.23,
564,4,5,58,10,Lime Juice,3.35,
565,4,5,58,10,Barley Water,2.42,
566,4,5,58,10,Chrysanthemum Tea,3.79,
567,4,5,58,10,Herbal Tea,0.27,
568,4,5,58,10,Iced Lemon Tea,3.8,
569,4,5,58,10,Fresh Coconut Water,2.63,https://health.clevelandclinic.org/wp-content/uploads/sites/3/2021/09/CoconutWater-637330250-770x533-1.jpg
570,4,5,58,10,Watermelon Juice,0.25,
571,4,5,58,10,Honey Lemonade,2.73,
572,4,5,58,10,Ice Kachang,2.06,
573,4,5,58,10,Grass Jelly Drink,0.79,
574,4,5,58,10,Soursop Juice,2.85,
575,4,5,59,5,Chicken Chop,0.81,
576,4,5,59,5,Fish and Chips,1.69,
577,4,5,59,5,Grilled Ribeye Steak,2.66,
578,4,5,59,5,BBQ Ribs,4.62,
579,4,5,59,5,Beef Burger,4.11,
580,4,5,59,5,Chicken Caesar Salad,2.75,
581,4,5,59,5,Mushroom Soup,4.45,
582,5,6,60,2,Beef Rendang,0.1,
583,5,6,60,2,Chicken Curry,1.77,https://www.foodandwine.com/thmb/8YAIANQTZnGpVWj2XgY0dYH1V4I=/1500x0/filters:no_upscale():max_bytes(150000):strip_icc()/spicy-chicken-curry-FT-RECIPE0321-58f84fdf7b484e7f86894203eb7834e7.jpg
584,5,6,60,2,Sambal Goreng (Stir-fried vegetables in spicy sauce),3.39,
585,5,6,60,2,Ayam Bakar (Grilled chicken),4.7,
586,5,6,60,2,Gulai Ikan (Fish curry),4.78,
587,5,6,60,2,Sayur Lodeh (Vegetable curry),1.89,
588,5,6,60,2,Sambal Sotong (Spicy squid),1.07,https://4.bp.blogspot.com/-0gH6lMK9x4s/Uoni7OuotAI/AAAAAAAAGBM/tfIlImnc5eE/s1600/IMG_0740-001.JPG
589,5,6,60,2,Udang Balado (Spicy shrimp),1.57,
590,5,6,60,2,Sambal Telur (Spicy boiled eggs),1.86,
591,5,6,60,2,Sambal Udang Petai (Spicy shrimp with stink beans),1.47,
592,5,6,60,2,Perkedel Kentang (Potato fritters),3.77,
593,5,6,60,2,Tahu Goreng (Fried tofu),1.51,https://www.vforveganista.com/wp-content/uploads/2020/11/hero-edited-10-1170x650.jpg
594,5,6,60,2,Sambal Terong (Spicy eggplant),2.67,
595,5,6,60,2,Paru Goreng (Fried beef lungs),3.29,
596,5,6,60,2,Sambal Goreng Kentang (Spicy fried potatoes),0.13,
597,5,6,61,5,Grilled Chicken Breast,1.35,
598,5,6,61,5,Beef Steak,0.99,
599,5,6,61,5,BBQ Ribs,3.56,
600,5,6,61,5,Fish and Chips,4.36,https://static.toiimg.com/thumb/59736398.cms?width=1200&height=900
601,5,6,61,5,Chicken Parmesan,0.12,
602,5,6,61,5,Spaghetti Bolognese,0.99,
603,5,6,61,5,Caesar Salad,2.11,
604,5,6,61,5,Grilled Salmon,4.42,
605,5,6,61,5,Mushroom Risotto,0.29,
606,5,6,61,5,Cheeseburger,4.59,https://theeburgerdude.com/wp-content/uploads/2023/03/WBC-Blog-01-scaled-720x720.jpg
607,5,6,61,5,Chicken Caesar Wrap,1.48,
608,5,6,61,5,Veggie Quesadilla,0.69,
609,5,6,62,13,Quinoa Salad,2,
610,5,6,62,13,Hummus and Pita Bread,3.55,https://img-global.cpcdn.com/recipes/3b919228c741df1d/1200x630cq70/photo.jpg
611,5,6,62,13,Veggie Wrap with Hummus and Fresh Veggies,2.29,
612,5,6,62,13,Veggie Pad Thai,2.22,
613,5,6,62,13,Vegetable Biryani,4.76,
614,5,6,62,13,Tofu Stir-Fry,4.49,https://hips.hearstapps.com/hmg-prod/images/190130-tofu-stir-fry-horizontal-150-1549302524.jpg
615,5,6,62,13,Lentil Burger,4.62,
616,5,6,62,13,Grilled Vegetable Skewers,2.3,
617,5,6,62,13,Veggie Lasagna,1.54,
618,5,6,62,13,Vegetarian Sushi Rolls (such as Avocado Roll or Cucumber Roll),1.71,
619,5,6,62,13,Chickpea Curry,0.37,
620,5,6,62,13,Veggie Chili,1.8,
621,5,6,62,13,Sweet Potato Fries,2.15,
622,5,6,62,13,Greek Salad with Feta Cheese (optional),0.39,https://static.independent.co.uk/2022/08/11/15/onthefridge-e9346b74-0d1a-11ed-ab50-5d9e73892397.jpg
623,5,6,62,13,Falafel Plate with Tabouli and Tahini Sauce,0.77,
624,5,6,63,1,Mala Hotpot (Pick Your Own Ingredient),1.77,
625,5,6,64,3,Butter Chicken,3.55,
626,5,6,64,3,Chicken Biryani,2.69,
627,5,6,64,3,Paneer Tikka,4.58,
628,5,6,64,3,Dal Makhani,1.96,https://www.indianhealthyrecipes.com/wp-content/uploads/2022/02/dal-makhani-recipe.jpg
629,5,6,64,3,Palak Paneer,4.24,
630,5,6,64,3,Chole Bhature,1.84,
631,5,6,64,3,Aloo Gobi,2.5,
632,5,6,64,3,Tandoori Chicken,1.46,
633,5,6,64,3,Vegetable Pulao,2.1,
634,5,6,64,3,Samosa,3.01,https://myfoodstory.com/wp-content/uploads/2021/08/Punjabi-Samosa-4.jpg
635,5,6,64,3,Masala Dosa,3.02,
636,5,6,64,3,Chicken Tikka Masala,4.52,
637,5,6,65,1,Mixed Rice (Pick Your Own Dishes),3.2,
638,5,6,66,10,Iced Coffee,2.85,
639,5,6,66,10,Bubble Tea,1.67,
640,5,6,66,10,Fruit Smoothies,4.3,
641,5,6,66,10,Milkshakes,4.4,
642,5,6,66,10,Freshly Squeezed Juice,3.77,
643,5,6,66,10,Iced Tea,1.27,https://realfood.tesco.com/media/images/RFO-472x310-IcedTea-ea69bf0c-61bb-4c88-bb6e-abba3d387c0a-0-472x310.jpg
644,5,6,66,10,Lemonade,2.08,
645,5,6,66,10,Hot Chocolate,1.87,
646,5,6,66,10,Soda,1.42,
647,5,6,66,5,Potato Chips,4.87,
648,5,6,66,5,Popcorn,1.18,
649,5,6,66,5,Pretzels,0.94,https://www.eatingonadime.com/wp-content/uploads/2021/10/garlic-ranch-pretzels-square--500x375.jpg
650,5,6,66,5,Nachos with Cheese,1.05,
651,5,6,66,5,Candy Bars,1.2,
652,5,6,66,5,Cookies,4.69,
653,5,6,67,10,Freshly Squeezed Orange Juice,2.58,
654,5,6,67,10,Watermelon Juice,3.51,
655,5,6,67,10,Pineapple Juice,2.11,
656,5,6,67,10,Strawberry Smoothie,4.55,
657,5,6,67,10,Mango Lassi,0.73,
658,5,6,67,10,Mixed Berry Smoothie,1.16,
659,5,6,67,11,Fruit Salad,0.17,
660,5,6,67,11,Freshly Cut Watermelon Slices,2.9,
661,5,6,67,11,Apple Slices,4.24,
662,5,6,67,11,Grapes,4.08,
663,5,6,67,11,"Berries (such as Strawberries, Blueberries, and Raspberries)",3.31,
664,5,6,67,11,Kiwi Slices,0.5,
665,5,6,67,11,"Citrus Fruit Cups (Oranges, Grapefruits)",0.87,
666,5,6,67,10,Banana Smoothie,2.08,
667,5,6,67,10,Avocado Smoothie,3.43,
668,5,6,68,4,Fried Chicken Cutlet,3.64,
669,5,6,68,4,Beef Noodle Soup,2.06,
670,5,6,68,4,Stinky Tofu,2.61,
671,5,6,68,4,Scallion Pancake,2.11,
672,5,6,68,4,Gua Bao (Taiwanese Pork Belly Bun),1.05,
673,5,6,68,4,Oyster Omelette,0.03,
674,5,6,68,4,Xiao Long Bao (Soup Dumplings),4.59,
675,5,6,68,4,Pineapple Cake,3.99,
676,5,6,68,4,Taiwanese Sausage,1.47,
677,5,6,68,4,Fried Taro Balls,0.51,
678,5,6,68,4,Three Cup Chicken,2.54,
679,5,6,68,4,Mango Shaved Ice,2.44,
680,5,6,68,4,Braised Pork Rice (Lu Rou Fan),4.04,
681,5,6,69,6,Tonkotsu Ramen,3.41,
682,5,6,69,6,Miso Ramen,0.76,
683,5,6,69,6,Shoyu Ramen,0.52,
684,5,6,69,6,Spicy Ramen,0.7,
685,5,6,69,6,Vegetarian Ramen,3.85,
686,5,6,69,6,Chicken Noodle Soup,2.3,
687,5,6,69,6,Beef Pho,1.44,
688,5,6,69,6,Tom Yum Soup,0.1,
689,5,6,69,6,Udon Noodle Soup,3.62,
690,5,6,69,6,Soba Noodle Soup,3.05,
691,5,6,69,6,Seafood Ramen,3.89,
692,5,6,69,6,Curry Ramen,0.87,
693,5,6,69,6,Kimchi Ramen,1.93,
694,5,6,69,6,Dumpling Soup,4.2,
695,5,6,69,6,Wonton Noodle Soup,1.15,
696,5,6,70,1,Chow Mein,3.21,
697,5,6,70,1,Hokkien Mee,2.95,
698,5,6,70,1,Laksa,3.73,
699,5,6,70,1,Pho,2.67,
700,5,6,70,1,Soba Noodles,4.09,
701,5,6,70,1,Udon Noodles,1.62,
702,5,6,70,1,Dan Dan Noodles,4.95,
703,5,6,70,1,Ramen,1.54,https://dishingouthealth.com/wp-content/uploads/2022/01/SpicyMisoRamen_Square.jpg
704,5,6,70,1,Spicy Sichuan Noodles,4.52,
705,5,6,70,1,Singapore Noodles,0.59,
706,5,6,70,1,Cold Sesame Noodles,3.01,
707,5,6,70,1,Garlic Noodles,2.23,https://www.budgetbytes.com/wp-content/uploads/2009/12/Garlic-Noodles-Skillet.jpg
708,5,6,71,1,Hainanese Chicken Rice,0.78,
709,5,6,71,1,Roast Chicken Rice,1.42,
710,5,6,71,1,Steamed Chicken Rice,2.06,
711,5,6,71,1,BBQ Chicken Rice,3.26,
712,5,6,71,1,Soy Sauce Chicken Rice,0.54,
713,5,6,71,1,"Chicken Rice Set (with rice, chicken, and condiments)",3.27,
714,5,6,71,1,Chicken Rice Bowl,4.4,
715,5,6,71,1,Chicken Rice Soup,0.87,
716,5,6,71,1,Chicken Rice Wrap or Roll,1.18,
717,5,6,71,1,Chicken Rice Salad,3.78,
718,5,6,71,1,Chicken Rice Noodle Soup,3.79,
719,5,6,71,1,Chicken Rice Vermicelli,4.77,https://static01.nyt.com/images/2014/06/02/dining/Rice-Noodles/Rice-Noodles-superJumbo-v2.jpg
720,5,6,71,1,Chicken Rice Porridge,0.71,
721,5,6,72,5,Grilled Chicken Breast with Roasted Vegetables,2.84,
722,5,6,72,5,"Caprese Salad with Fresh Mozzarella, Tomatoes",4.83,
723,5,6,72,5,Quinoa Salad with Mixed Greens,0.53,
724,5,6,72,5,Smoked Salmon with Dill Cream Cheese on Baguette,4.34,
725,5,6,72,5,Mediterranean Hummus Platter ,1.52,https://eatingeuropean.com/wp-content/uploads/2018/06/Mediterranean-Platter-4.jpg
726,5,6,72,5,Turkey and Swiss Cheese Sandwich ,1.03,
727,5,6,72,5,Spinach and Feta Stuffed Portobello Mushroom,2.26,
728,5,6,72,5,Ratatouille (Roasted Mixed Vegetables),1.36,
729,5,6,72,5,Roast Beef Wrap with Horseradish Mayo,0.24,https://chewonthis.blog/wp-content/uploads/2020/03/Roast-Beef-Wrap.png
730,5,6,72,5,Greek Gyro with Tzatziki Sauce,0.99,
731,5,6,72,5,Bruschetta with Fresh Tomatoes ,3.52,
732,5,6,72,5,Shrimp and Avocado Salad ,1.9,
733,5,6,72,5,Egg Salad with Lettuce on Croissant,4.03,https://zonacooks.com/wp-content/uploads/2021/05/Egg-Salad-Croissant-Sandwiches-Recipe-for-Two-7.jpg
734,6,7,73,13,Veggie Burger,0.75,
735,6,7,73,13,Margherita Pizza,2.8,
736,6,7,73,13,Vegetable Stir-Fry,4.92,
737,6,7,73,13,Caprese Salad,0.45,
738,6,7,73,13,Falafel Wrap,2.42,
739,6,7,73,13,Lentil Soup,1.8,
740,6,7,73,13,Veggie Pad Thai,0.24,
741,6,7,73,13,Veggie Curry,3.53,
742,6,7,73,13,Vegetable Fried Rice,3.37,
743,6,7,73,13,Spinach and Mushroom Quiche,2.42,
744,6,7,73,13,Veggie Tacos,3.68,
745,6,7,73,13,Greek Salad,1.8,
746,6,7,74,7,Kimchi,1.84,
747,6,7,74,7,Bibimbap,2.33,
748,6,7,74,7,Bulgogi,2.5,
749,6,7,74,7,Japchae,3.14,
750,6,7,74,7,Korean BBQ,4.62,
751,6,7,74,7,Tteokbokki,1.33,
752,6,7,74,7,Samgyeopsal (Grilled Pork Belly),0.71,
753,6,7,74,7,Jjajangmyeon,4.27,
754,6,7,74,7,Kimbap,4.19,
755,6,7,74,7,Sundubu-jjigae (Soft Tofu Stew),3.97,
756,6,7,74,7,Galbi (Grilled Short Ribs),2,
757,6,7,74,7,Mandu (Korean Dumplings),0.96,
758,6,7,74,7,Kimchi Fried Rice,3.45,
759,6,7,74,7,Dakgangjeong (Crispy Fried Chicken),0.11,
760,6,7,75,1,Roast Pork,4.35,
761,6,7,75,1,Steamed Fish,4.18,
762,6,7,75,1,Braised Tofu,1.96,
763,6,7,75,1,Stir-fried Vegetables,2.42,
764,6,7,75,1,Sweet and Sour Pork,4.47,https://bellyfull.net/wp-content/uploads/2023/01/Sweet-and-Sour-Pork-blog-4.jpg
765,6,7,75,1,Curry Chicken,0.99,
766,6,7,75,1,Fried Egg Omelette,3.35,
767,6,7,75,1,Braised Pork Belly,0.03,https://i0.wp.com/eatwhattonight.com/wp-content/uploads/2016/05/Braised-Pork-Belly_1.jpg
768,6,7,75,1,Sambal Kangkong (Water Spinach),3.81,
769,6,7,75,1,Assam Fish Curry,0.79,
770,6,7,75,1,Fried Sambal Fish,3.2,
771,6,7,75,1,Stir-fried Beef with Black Bean Sauce,3.7,
772,6,7,75,1,Mapo Tofu,1.64,https://www.seriouseats.com/thmb/CaR7btHrJgEO3OKZD1Z_795VmII=/1500x0/filters:no_upscale():max_bytes(150000):strip_icc()/__opt__aboutcom__coeus__resources__content_migration__serious_eats__seriouseats.com__2011__07__2021-02-12-Mapo-Tofu-MHOM-10-804db1211f1d47dbae505341d1e7b994.jpg
773,6,7,75,1,Fried Hokkien Mee,3.12,
774,6,7,76,3,Roti Prata with Curry,2.72,
775,6,7,76,3,Chicken Biryani,3.33,
776,6,7,76,3,Mutton Masala,1.44,
777,6,7,76,3,Butter Chicken,0.37,
778,6,7,76,3,Fish Head Curry,1.84,
779,6,7,76,3,Vegetable Samosas,3.71,https://canolaeatwell.com/wp-content/uploads/2016/05/Vegetable-Samosas-CanolaInfo.jpg
780,6,7,76,3,Masala Dosa,0.75,
781,6,7,76,3,Chicken Tikka,2.85,
782,6,7,76,3,Tandoori Naan,2.71,
783,6,7,77,1,Singapore Fried Noodles (Mee Goreng),3.7,https://static.kcet.kcet.production.k2.m1.brightspot.cloud/dims4/default/296dd40/2147483647/strip/true/crop/800x536+0+0/resize/800x536!/quality/90/?url=http%3A%2F%2Fkcet-brightspot.s3.amazonaws.com%2Flegacy%2Fsites%2Fkl%2Ffiles%2Fthumbnails%2Fimage%2F5366965410_61f93fcbbf_b_0.jpg
784,6,7,77,1,Char Kway Teow,0.05,
785,6,7,77,1,Hokkien Mee,1.19,
786,6,7,77,1,Fried Bee Hoon,2.64,https://www.beautifulvoyager.com/wp-content/uploads/2022/03/Promo-Email-Email-blog-image-1-3.jpeg
787,6,7,77,1,Seafood Noodles,0.34,
788,6,7,77,1,Chicken Noodles,1.4,
789,6,7,77,1,Vegetarian Noodles,4.12,https://www.livinglou.com/wp-content/uploads/2015/10/vegetarian-noodles-singapore-500x375.jpg
790,6,7,77,1,BBQ Pork Noodles,1.99,
791,6,7,77,1,Laksa Noodles,2.58,
792,6,7,77,1,Curry Noodles,2.9,
793,6,7,77,1,Wonton Noodles,2.88,
794,6,7,77,1,Beef Noodles,1.51,https://casuallypeckish.com/wp-content/uploads/2021/11/Beef-noodle-stir-fry-1.jpg
795,6,7,77,1,Tom Yum Noodles,0.58,
796,6,7,78,6,Ramen,1.22,
797,6,7,78,6,Teriyaki Chicken,3.92,
798,6,7,78,6,Tempura,3.14,https://twosleevers.com/wp-content/uploads/2023/03/Shrimp-Tempura-1.png
799,6,7,78,6,Yakitori (Grilled Skewers),4.78,
800,6,7,78,6,Udon Noodles,0.72,
801,6,7,78,6,Donburi (Rice Bowl),3.77,
802,6,7,78,6,Gyoza (Dumplings),1.44,
803,6,7,78,6,Chirashi Bowl,3.23,
804,6,7,78,6,Miso Soup,1.94,
805,6,7,78,6,Okonomiyaki (Japanese Pancake),3.96,https://www.justonecookbook.com/wp-content/uploads/2020/03/Okonomiyaki-Recipe-5674-I.jpg
806,6,7,78,6,Karaage (Japanese Fried Chicken),2.88,
807,6,7,78,6,Takoyaki (Octopus Balls),1.88,
808,6,7,79,1,Salted Egg Prawns,4.45,
809,6,7,79,1,Sweet and Sour Fish,0.64,
810,6,7,79,1,Sambal Kangkong (Water Spinach),2.8,
811,6,7,79,1,Cereal Prawns,0.69,
812,6,7,79,1,Claypot Tofu,0.36,https://asianinspirations.com.au/wp-content/uploads/2019/01/R00980_Claypot_Seafood_Tofu_and_Vegetable.jpg
813,6,7,79,1,Stir-fried Beef with Broccoli,2.12,
814,6,7,79,1,Salted Egg Squid,2.89,https://friedchillies.com/fc/wp-content/uploads/2021/05/Salted_Egg_Squid_-_Main.jpg
815,6,7,79,1,Cereal Chicken,2.96,
816,6,7,79,1,Hot Plate Tofu,0.01,
817,6,7,79,1,Fried Hokkien Mee,1.44,
818,6,7,79,1,Fried Rice,0.24,https://www.seriouseats.com/thmb/tuMCogfAOy2zNdVqE7ydUwuru9Q=/1500x0/filters:no_upscale():max_bytes(150000):strip_icc()/easy-vegetable-fried-rice-recipe-hero-2-fed2a62b8bce4c51b945d9c24c2edb68.jpg
819,6,7,79,1,Butter Pork Ribs,2.18,
820,6,7,79,1,Steamed Fish with Soy Sauce,4.59,
821,6,7,80,2,Nasi Lemak,2.98,
822,6,7,80,2,Mee Goreng,0.56,
823,6,7,80,2,Chicken Satay,3.11,
824,6,7,80,2,Roti Prata with Curry,1.72,
825,6,7,80,2,Ayam Penyet (Smashed Fried Chicken),3.31,
826,6,7,80,2,Murtabak,0.95,
827,6,7,80,2,Briyani Rice,4.17,
828,6,7,80,2,Mee Soto,3.25,
829,6,7,80,2,Beef Rendang,4.11,
830,6,7,80,2,Nasi Padang,4.31,
831,6,7,80,2,Roti John,2.21,
832,6,7,80,2,Beef Murtabak,3.83,
833,6,7,80,2,Roti Canai,0.68,
834,6,7,80,2,Nasi Ayam (Chicken Rice),1.55,
835,6,7,80,2,Nasi Briyani with Mutton,3.22,
836,6,7,81,1,Mala Hotpot (Pick Your Own Ingredient),4.97,
837,6,7,82,5,Grilled Chicken Chop,0.48,
838,6,7,82,5,Fish and Chips,1.77,
839,6,7,82,5,Beef Steak,1.58,
840,6,7,82,5,Spaghetti Bolognese,0.65,
841,6,7,82,5,Chicken Cutlet with Mushroom Sauce,0.69,
842,6,7,82,5,Grilled Salmon,2.35,
843,6,7,82,5,BBQ Ribs,4.96,
844,6,7,82,5,Cheeseburger,3.77,
845,6,7,82,5,Caesar Salad,2.59,
846,6,7,82,5,Mushroom Soup,3.57,
847,6,7,82,5,Grilled Prawns,0.89,
848,6,7,82,5,Roasted Pork Belly,0.82,
849,6,7,82,5,Grilled Vegetables,4.56,
850,6,7,82,5,Baked Macaroni and Cheese,3.18,
851,6,7,83,1,Hainanese Chicken Rice,2.61,
852,6,7,83,1,Roast Chicken Rice,1.81,https://1.bp.blogspot.com/-9lcqgAqlPOo/XYm-bfppViI/AAAAAAAABUw/CactAJxqGQowcrUugvtR4BokNxk3FHhjwCLcBGAsYHQ/s1600/CHIX%2BRICE.jpg
853,6,7,83,1,Steamed Chicken Rice,2.7,
854,6,7,83,1,"Chicken Rice Set (with rice, chicken, and condiments)",3.04,
855,6,7,83,1,Chicken Rice Bowl,1.84,
856,6,7,83,1,Chicken Rice Soup,3.14,https://www.jessicagavin.com/wp-content/uploads/2020/04/chicken-and-rice-soup-12-1200.jpg
857,6,7,83,1,Chicken Rice Wrap or Roll,4.45,
858,6,7,83,1,Chicken Rice Salad,3.64,
859,6,7,83,1,Chicken Rice Noodle Soup,3.47,https://ahintofrosemary.com/wp-content/uploads/2020/05/IMG_0829.jpg
860,6,7,83,1,Chicken Rice Vermicelli,2.01,
861,6,7,83,1,Chicken Rice Porridge,2.84,
862,6,7,84,10,Lime Juice,2.43,https://www.unileverfoodsolutions.lk/dam/global-ufs/mcos/meps/sri-lanka/calcmenu/recipes/LK-recipes/general/lime-juice/main-header.jpg
863,6,7,84,10,Barley Water,3.24,
864,6,7,84,10,Chrysanthemum Tea,2.61,
865,6,7,84,10,Soursop Juice,2.12,
866,6,7,84,10,Watermelon Juice,2.93,
867,6,7,84,10,Ice Lemon Tea,0.1,
868,6,7,84,10,Grass Jelly Drink,0.03,
869,6,7,84,10,Soya Bean Milk,2.91,https://media.healthyfood.com/wp-content/uploads/2016/09/Soy-milk.jpg
870,6,7,84,10,Mango Smoothie,1.15,
871,6,7,84,10,Fresh Coconut Water,4.75,
872,6,7,84,10,Milo,1.94,
873,6,7,84,10,Teh,2.15,
874,6,7,84,10,Coffee,0.01,
875,6,7,85,2,Ayam Penyet (Smashed Fried Chicken),2.42,"https://ucarecdn.com/49a8e9d8-050f-4f17-94b0-bf63d2e71879/-/crop/2000x833/0,322/-/format/auto/-/resize/1024x/"
876,6,7,85,2,Nasi Ayam Penyet (Chicken Rice Set with Smashed Fried Chicken),4.07,
877,6,7,85,2,Ayam Penyet Burger,3.5,https://mustsharenews.com/wp-content/uploads/2021/11/ayam-penyet-burger.jpeg
878,6,7,85,2,Ayam Penyet Wrap or Roll,2.42,https://i0.wp.com/i.gojekapi.com/darkroom/gofood-indonesia/v2/images/uploads/d013415b-1328-46ec-9a50-895340834137_Go-Biz_20220104_001851.jpeg
879,6,7,85,2,Ayam Penyet Salad,2.07,
880,6,7,85,2,Ayam Penyet Rice Bowl,2.34,
881,6,7,86,10,HK Milk Tea,4.97,https://cdn.phonebooky.com/blog/wp-content/uploads/2022/10/18104916/tuan_11zon.jpg
882,6,7,86,10,Milo,1.48,
883,6,7,86,10,Lime Juice,3.44,
884,6,7,86,10,Bandung,1.11,https://media.womensweekly.com.sg/public/2019/11/Air-Bandung-Soda-1.jpg
885,6,7,86,10,Teh,2.87,
886,6,7,86,10,Coffee,2.95,https://insanelygoodrecipes.com/wp-content/uploads/2020/07/Cup-Of-Creamy-Coffee-500x375.png
887,6,7,86,10,Plain Water,2.79,https://miro.medium.com/v2/resize:fit:1100/0*Glj0gRBPZ0nq7J2w.jpg
888,6,7,87,5,Pasta (Pick Your Own Ingredient),2.78,https://images-prod.healthline.com/hlcmsresource/images/AN_images/variety-of-pasta-1296x728.jpg
889,6,7,88,4,Braised Pork Rice (Lu Rou Fan),2.42,https://redhousespice.com/wp-content/uploads/2021/05/Lu-rou-fan-with-bok-choy.jpg
890,6,7,88,4,Oyster Omelette (Orh Luak),4.7,https://nomadette.com/wp-content/uploads/2021/08/Nomadette-Eats-Oyster-Omelette-735x530.png
891,6,7,88,4,Fried Chicken Cutlet,4.02,https://i0.wp.com/smittenkitchen.com/wp-content/uploads/2021/03/crispiest-chicken-cutlets-scaled.jpg?fit=750%2C500&ssl=1
892,6,7,88,4,Beef Noodle Soup,1.93,https://assets.bonappetit.com/photos/5e46caf4baec0e000820349c/1:1/w_2560%2Cc_limit/0220-French-Onion-Soup-single-lede.jpg
893,6,7,88,4,Fried Oyster Mee Sua,1.61,https://i.ytimg.com/vi/9Lpe_qx2Rvw/maxresdefault.jpg
894,6,7,88,4,Bubble Tea,4.15,https://media.timeout.com/images/105486127/image.jpg
895,6,7,88,4,Taiwanese Sausage (Xiang Chang),1.68,https://danielfooddiary.com/wp-content/uploads/2011/08/sausage1.jpg
896,6,7,88,4,Fried Dumplings (Guan Bao),4.46,https://upload.wikimedia.org/wikipedia/commons/thumb/8/80/Xiaolongbao-breakfast.jpg/1200px-Xiaolongbao-breakfast.jpg
897,6,7,88,4,Hot and Sour Soup (Suan La Tang),3.13,https://redhousespice.com/wp-content/uploads/2021/08/Hot-and-sour-soup-1-scaled.jpg
898,6,7,88,4,Stinky Tofu (Chou Doufu),3.62,https://www.taiwanese-secrets.com/wp-content/uploads/taiwanese-stinky-tofu.jpg
899,6,7,88,4,Scallion Pancake (Cong You Bing),4.13,https://upload.wikimedia.org/wikipedia/commons/3/3a/Spring_onion_pancake_2013.JPG
900,6,7,88,4,Pork Belly Bun (Gua Bao),1.6,https://images.getrecipekit.com/20220904023243-how-to-make-taiwanese-gua-bao-steamed-burger-bun-recipe.png?aspect_ratio=16:9&quality=90&
901,6,7,88,4,Taiwan Fried Rice,4.46,https://tiffycooks.com/wp-content/uploads/2021/08/Screen-Shot-2021-08-24-at-11.06.00-PM-500x375.png
902,6,7,88,4,Milkfish Porridge (Mu Yu Zhou),2.25,https://www.asiancookingmom.com/wp-content/uploads/2020/07/Fish-Fillet-Congee-13-of-13.jpg

